Workbook
Name QuestionTypes: 'Reference Data'!$A$9:$A$11
Name ScoreDirections: 'Reference Data'!$B$1:$B$2

Sheet How to Use
A1: Assessment Question Bulk Upload Template · How to Use · Type and Sub Competency are optional
A3: Steps
A4: 1 | B4: Refer to the examples in rows 3–6 of the [Assessment Bulk Upload] sheet.
A5: 2 | B5: Enter Type · Competency Group · Sub Competency in columns A–C. Competency Group (column B) is required; Type (column A) and Sub Competency (column C) are optional. Leave an unused column empty for all rows. (Filling only some rows causes an error.)
A6: 3 | B6: Select the question type from the list in column D. (Scale / A/B Forced Choice / Essay)
A7: 4 | B7: Column E (Question) is used only for Scale and Essay. For A/B Forced Choice the texts in columns P·Q are themselves the options, so leave column E blank.
A8: 5 | B8: Fill in only the areas that light up for the chosen type. Leave grey areas empty.
A9: 6 | B9: Before uploading, check that no yellow, orange, or red cells remain.
A10: 7 | B10: Type (column A) is shown as tabs on the response screen. Competency Group (column B) and Sub Competency (column C) are used to organize the response screen and to generate result reports (score aggregation, strength/weakness analysis, recommended courses).
A11: Colour Guide
A12: Yellow | B12: A required cell that is still empty.
A13: Red | B13: The question type has not been selected, or the score is outside the 1–5 range.
A14: Grey | B14: A cell that does not need input for the selected question type.
A16: Input Areas by Question Type
A17: Scale | B17: Use columns F–O (Option 1–5 texts and scores). Leave columns P–R blank.
B18: Enter 5 in Score 1 and 4·3·2·1 are filled in automatically; enter 1 and 2·3·4·5 are filled in, with the option texts matched accordingly.
B19: To change an option text yourself, simply type over that cell.
A20: A/B Forced Choice | B20: Use columns P–R (A Left Text · B Right Text · Score Direction). Leave column E (Question) and columns F–O blank.
A21: Essay | B21: Enter columns A–E only, and leave columns F–R all blank.
A22: Score Direction | B22: A/B Forced Choice uses a 6-point scale. Choose either A→B(1~6) or A→B(6~1); this is unrelated to the 1–5 limit of the Scale type.
A24: Cautions
A25: · | B25: Scores accept whole numbers 1–5 only. Any other value is blocked.
A26: This sheet is protected so that formulas are not erased by accident. The input area (columns A–S) can be written, added, deleted, and sorted freely; only the headers and columns U–W are locked.

Sheet Assessment Bulk Upload
A1: Type (Shown as Tabs) | B1: Hierarchy (Auto Mapping) · Competency Group required · Sub Competency optional | D1: Question (optional for A/B Forced Choice) | F1: Scale Options 1~5 (Editable) | P1: A/B Forced Choice Only | S1: Score Weight (default 1) | T1: Question Type Code | U1: Etc
A2: Type (Optional) (Max 15 chars) | B2: ★ Competency Group (Max 15 chars) | C2: Sub Competency (Optional) (Max 15 chars) | D2: ★ Question Type | E2: ★ Question (Max 300 chars) | F2: Option 1 (Max 30 chars) | G2: Score 1 | H2: Option 2 (Max 30 chars) | I2: Score 2 | J2: Option 3 (Max 30 chars) | K2: Score 3 | L2: Option 4 (Max 30 chars) | M2: Score 4 | N2: Option 5 (Max 30 chars) | O2: Score 5 | P2: A Left Text (Max 150 chars) | Q2: B Right Text (Max 150 chars) | R2: ★ Score Direction | S2: Weight | T2: Type Code | U2: Remark
A3: Assessment | B3: Self | C3: Self-Awareness | D3: Scale | E3: I clearly recognize my own strengths and weaknesses. | F3: =IFERROR(INDEX('Reference Data'!$D$2:$D$6,MATCH($G3,'Reference Data'!$E$2:$E$6,0)),"") -> Strongly Agree | G3: =IF($D3="Scale",'Reference Data'!$H$2,"") -> 5 | H3: =IFERROR(INDEX('Reference Data'!$D$2:$D$6,MATCH($I3,'Reference Data'!$E$2:$E$6,0)),"") -> Agree | I3: =IF($G3="","",MEDIAN('Reference Data'!$H$1,'Reference Data'!$H$2,$G3+1*IF($G3='Reference Data'!$H$2,-1,1))) -> 4 | J3: =IFERROR(INDEX('Reference Data'!$D$2:$D$6,MATCH($K3,'Reference Data'!$E$2:$E$6,0)),"") -> Neutral | K3: =IF($G3="","",MEDIAN('Reference Data'!$H$1,'Reference Data'!$H$2,$G3+2*IF($G3='Reference Data'!$H$2,-1,1))) -> 3 | L3: =IFERROR(INDEX('Reference Data'!$D$2:$D$6,MATCH($M3,'Reference Data'!$E$2:$E$6,0)),"") -> Disagree | M3: =IF($G3="","",MEDIAN('Reference Data'!$H$1,'Reference Data'!$H$2,$G3+3*IF($G3='Reference Data'!$H$2,-1,1))) -> 2 | N3: =IFERROR(INDEX('Reference Data'!$D$2:$D$6,MATCH($O3,'Reference Data'!$E$2:$E$6,0)),"") -> Strongly Disagree | O3: =IF($G3="","",MEDIAN('Reference Data'!$H$1,'Reference Data'!$H$2,$G3+4*IF($G3='Reference Data'!$H$2,-1,1))) -> 1 | S3: =IF($D3="","",IF($D3='Reference Data'!$A$11,"",IFERROR(IF(VLOOKUP($D3,'Reference Data'!$A$9:$C$11,3,FALSE)="",1,VLOOKUP($D3,'Reference Data'!$A$9:$C$11,3,FALSE)),1))) -> 1 | T3: =IF($D3="","",IFERROR(VLOOKUP($D3,'Reference Data'!$A$9:$B$11,2,FALSE),"")) -> SC | U3: 5-point scale basic
A4: Assessment | B4: Self | C4: Self-Awareness | D4: Scale | E4: How would you rate your level of self-management? | F4: =IF($D4="Scale","Excellent","") -> Excellent | G4: =IF($D4="Scale",'Reference Data'!$H$2,"") -> 5 | H4: =IF($D4="Scale","Good","") -> Good | I4: =IF($G4="","",MEDIAN('Reference Data'!$H$1,'Reference Data'!$H$2,$G4+1*IF($G4='Reference Data'!$H$2,-1,1))) -> 4 | J4: =IF($D4="Scale","Average","") -> Average | K4: =IF($G4="","",MEDIAN('Reference Data'!$H$1,'Reference Data'!$H$2,$G4+2*IF($G4='Reference Data'!$H$2,-1,1))) -> 3 | L4: =IF($D4="Scale","Below Average","") -> Below Average | M4: =IF($G4="","",MEDIAN('Reference Data'!$H$1,'Reference Data'!$H$2,$G4+3*IF($G4='Reference Data'!$H$2,-1,1))) -> 2 | N4: =IF($D4="Scale","Poor","") -> Poor | O4: =IF($G4="","",MEDIAN('Reference Data'!$H$1,'Reference Data'!$H$2,$G4+4*IF($G4='Reference Data'!$H$2,-1,1))) -> 1 | S4: =IF($D4="","",IF($D4='Reference Data'!$A$11,"",IFERROR(IF(VLOOKUP($D4,'Reference Data'!$A$9:$C$11,3,FALSE)="",1,VLOOKUP($D4,'Reference Data'!$A$9:$C$11,3,FALSE)),1))) -> 1 | T4: =IF($D4="","",IFERROR(VLOOKUP($D4,'Reference Data'!$A$9:$B$11,2,FALSE),"")) -> SC | U4: Custom option labels example
A5: Assessment | B5: Self | C5: Decision Making | D5: A/B Forced Choice | F5: =IFERROR(INDEX('Reference Data'!$D$2:$D$6,MATCH($G5,'Reference Data'!$E$2:$E$6,0)),"") | G5: =IF($D5="Scale",'Reference Data'!$H$2,"") | H5: =IFERROR(INDEX('Reference Data'!$D$2:$D$6,MATCH($I5,'Reference Data'!$E$2:$E$6,0)),"") | I5: =IF($G5="","",MEDIAN('Reference Data'!$H$1,'Reference Data'!$H$2,$G5+1*IF($G5='Reference Data'!$H$2,-1,1))) | J5: =IFERROR(INDEX('Reference Data'!$D$2:$D$6,MATCH($K5,'Reference Data'!$E$2:$E$6,0)),"") | K5: =IF($G5="","",MEDIAN('Reference Data'!$H$1,'Reference Data'!$H$2,$G5+2*IF($G5='Reference Data'!$H$2,-1,1))) | L5: =IFERROR(INDEX('Reference Data'!$D$2:$D$6,MATCH($M5,'Reference Data'!$E$2:$E$6,0)),"") | M5: =IF($G5="","",MEDIAN('Reference Data'!$H$1,'Reference Data'!$H$2,$G5+3*IF($G5='Reference Data'!$H$2,-1,1))) | N5: =IFERROR(INDEX('Reference Data'!$D$2:$D$6,MATCH($O5,'Reference Data'!$E$2:$E$6,0)),"") | O5: =IF($G5="","",MEDIAN('Reference Data'!$H$1,'Reference Data'!$H$2,$G5+4*IF($G5='Reference Data'!$H$2,-1,1))) | P5: =IF($D5="A/B Forced Choice","Prioritize principles.","") -> Prioritize principles. | Q5: =IF($D5="A/B Forced Choice","Adapt flexibly to the situation.","") -> Adapt flexibly to the situation. | R5: =IF($D5="A/B Forced Choice","A→B(1~6)","") -> A→B(1~6) | S5: =IF($D5="","",IF($D5='Reference Data'!$A$11,"",IFERROR(IF(VLOOKUP($D5,'Reference Data'!$A$9:$C$11,3,FALSE)="",1,VLOOKUP($D5,'Reference Data'!$A$9:$C$11,3,FALSE)),1))) -> 0.83333333 | T5: =IF($D5="","",IFERROR(VLOOKUP($D5,'Reference Data'!$A$9:$B$11,2,FALSE),"")) -> BI | U5: A/B Forced Choice (leave Question blank; weight auto-set to 5/6)
A6: Assessment | B6: Customer Value | C6: Customer Value | D6: Essay | E6: Please describe a memorable episode. | F6: =IFERROR(INDEX('Reference Data'!$D$2:$D$6,MATCH($G6,'Reference Data'!$E$2:$E$6,0)),"") | G6: =IF($D6="Scale",'Reference Data'!$H$2,"") | H6: =IFERROR(INDEX('Reference Data'!$D$2:$D$6,MATCH($I6,'Reference Data'!$E$2:$E$6,0)),"") | I6: =IF($G6="","",MEDIAN('Reference Data'!$H$1,'Reference Data'!$H$2,$G6+1*IF($G6='Reference Data'!$H$2,-1,1))) | J6: =IFERROR(INDEX('Reference Data'!$D$2:$D$6,MATCH($K6,'Reference Data'!$E$2:$E$6,0)),"") | K6: =IF($G6="","",MEDIAN('Reference Data'!$H$1,'Reference Data'!$H$2,$G6+2*IF($G6='Reference Data'!$H$2,-1,1))) | L6: =IFERROR(INDEX('Reference Data'!$D$2:$D$6,MATCH($M6,'Reference Data'!$E$2:$E$6,0)),"") | M6: =IF($G6="","",MEDIAN('Reference Data'!$H$1,'Reference Data'!$H$2,$G6+3*IF($G6='Reference Data'!$H$2,-1,1))) | N6: =IFERROR(INDEX('Reference Data'!$D$2:$D$6,MATCH($O6,'Reference Data'!$E$2:$E$6,0)),"") | O6: =IF($G6="","",MEDIAN('Reference Data'!$H$1,'Reference Data'!$H$2,$G6+4*IF($G6='Reference Data'!$H$2,-1,1))) | S6: =IF($D6="","",IF($D6='Reference Data'!$A$11,"",IFERROR(IF(VLOOKUP($D6,'Reference Data'!$A$9:$C$11,3,FALSE)="",1,VLOOKUP($D6,'Reference Data'!$A$9:$C$11,3,FALSE)),1))) | T6: =IF($D6="","",IFERROR(VLOOKUP($D6,'Reference Data'!$A$9:$B$11,2,FALSE),"")) -> LA | U6: Essay (weight unused)
F7: =IFERROR(INDEX('Reference Data'!$D$2:$D$6,MATCH($G7,'Reference Data'!$E$2:$E$6,0)),"") | G7: =IF($D7="Scale",'Reference Data'!$H$2,"") | H7: =IFERROR(INDEX('Reference Data'!$D$2:$D$6,MATCH($I7,'Reference Data'!$E$2:$E$6,0)),"") | I7: =IF($G7="","",MEDIAN('Reference Data'!$H$1,'Reference Data'!$H$2,$G7+1*IF($G7='Reference Data'!$H$2,-1,1))) | J7: =IFERROR(INDEX('Reference Data'!$D$2:$D$6,MATCH($K7,'Reference Data'!$E$2:$E$6,0)),"") | K7: =IF($G7="","",MEDIAN('Reference Data'!$H$1,'Reference Data'!$H$2,$G7+2*IF($G7='Reference Data'!$H$2,-1,1))) | L7: =IFERROR(INDEX('Reference Data'!$D$2:$D$6,MATCH($M7,'Reference Data'!$E$2:$E$6,0)),"") | M7: =IF($G7="","",MEDIAN('Reference Data'!$H$1,'Reference Data'!$H$2,$G7+3*IF($G7='Reference Data'!$H$2,-1,1))) | N7: =IFERROR(INDEX('Reference Data'!$D$2:$D$6,MATCH($O7,'Reference Data'!$E$2:$E$6,0)),"") | O7: =IF($G7="","",MEDIAN('Reference Data'!$H$1,'Reference Data'!$H$2,$G7+4*IF($G7='Reference Data'!$H$2,-1,1))) | S7: =IF($D7="","",IF($D7='Reference Data'!$A$11,"",IFERROR(IF(VLOOKUP($D7,'Reference Data'!$A$9:$C$11,3,FALSE)="",1,VLOOKUP($D7,'Reference Data'!$A$9:$C$11,3,FALSE)),1))) | T7: =IF($D7="","",IFERROR(VLOOKUP($D7,'Reference Data'!$A$9:$B$11,2,FALSE),""))
F8: =IFERROR(INDEX('Reference Data'!$D$2:$D$6,MATCH($G8,'Reference Data'!$E$2:$E$6,0)),"") | G8: =IF($D8="Scale",'Reference Data'!$H$2,"") | H8: =IFERROR(INDEX('Reference Data'!$D$2:$D$6,MATCH($I8,'Reference Data'!$E$2:$E$6,0)),"") | I8: =IF($G8="","",MEDIAN('Reference Data'!$H$1,'Reference Data'!$H$2,$G8+1*IF($G8='Reference Data'!$H$2,-1,1))) | J8: =IFERROR(INDEX('Reference Data'!$D$2:$D$6,MATCH($K8,'Reference Data'!$E$2:$E$6,0)),"") | K8: =IF($G8="","",MEDIAN('Reference Data'!$H$1,'Reference Data'!$H$2,$G8+2*IF($G8='Reference Data'!$H$2,-1,1))) | L8: =IFERROR(INDEX('Reference Data'!$D$2:$D$6,MATCH($M8,'Reference Data'!$E$2:$E$6,0)),"") | M8: =IF($G8="","",MEDIAN('Reference Data'!$H$1,'Reference Data'!$H$2,$G8+3*IF($G8='Reference Data'!$H$2,-1,1))) | N8: =IFERROR(INDEX('Reference Data'!$D$2:$D$6,MATCH($O8,'Reference Data'!$E$2:$E$6,0)),"") | O8: =IF($G8="","",MEDIAN('Reference Data'!$H$1,'Reference Data'!$H$2,$G8+4*IF($G8='Reference Data'!$H$2,-1,1))) | S8: =IF($D8="","",IF($D8='Reference Data'!$A$11,"",IFERROR(IF(VLOOKUP($D8,'Reference Data'!$A$9:$C$11,3,FALSE)="",1,VLOOKUP($D8,'Reference Data'!$A$9:$C$11,3,FALSE)),1))) | T8: =IF($D8="","",IFERROR(VLOOKUP($D8,'Reference Data'!$A$9:$B$11,2,FALSE),""))
F9: =IFERROR(INDEX('Reference Data'!$D$2:$D$6,MATCH($G9,'Reference Data'!$E$2:$E$6,0)),"") | G9: =IF($D9="Scale",'Reference Data'!$H$2,"") | H9: =IFERROR(INDEX('Reference Data'!$D$2:$D$6,MATCH($I9,'Reference Data'!$E$2:$E$6,0)),"") | I9: =IF($G9="","",MEDIAN('Reference Data'!$H$1,'Reference Data'!$H$2,$G9+1*IF($G9='Reference Data'!$H$2,-1,1))) | J9: =IFERROR(INDEX('Reference Data'!$D$2:$D$6,MATCH($K9,'Reference Data'!$E$2:$E$6,0)),"") | K9: =IF($G9="","",MEDIAN('Reference Data'!$H$1,'Reference Data'!$H$2,$G9+2*IF($G9='Reference Data'!$H$2,-1,1))) | L9: =IFERROR(INDEX('Reference Data'!$D$2:$D$6,MATCH($M9,'Reference Data'!$E$2:$E$6,0)),"") | M9: =IF($G9="","",MEDIAN('Reference Data'!$H$1,'Reference Data'!$H$2,$G9+3*IF($G9='Reference Data'!$H$2,-1,1))) | N9: =IFERROR(INDEX('Reference Data'!$D$2:$D$6,MATCH($O9,'Reference Data'!$E$2:$E$6,0)),"") | O9: =IF($G9="","",MEDIAN('Reference Data'!$H$1,'Reference Data'!$H$2,$G9+4*IF($G9='Reference Data'!$H$2,-1,1))) | S9: =IF($D9="","",IF($D9='Reference Data'!$A$11,"",IFERROR(IF(VLOOKUP($D9,'Reference Data'!$A$9:$C$11,3,FALSE)="",1,VLOOKUP($D9,'Reference Data'!$A$9:$C$11,3,FALSE)),1))) | T9: =IF($D9="","",IFERROR(VLOOKUP($D9,'Reference Data'!$A$9:$B$11,2,FALSE),""))
F10: =IFERROR(INDEX('Reference Data'!$D$2:$D$6,MATCH($G10,'Reference Data'!$E$2:$E$6,0)),"") | G10: =IF($D10="Scale",'Reference Data'!$H$2,"") | H10: =IFERROR(INDEX('Reference Data'!$D$2:$D$6,MATCH($I10,'Reference Data'!$E$2:$E$6,0)),"") | I10: =IF($G10="","",MEDIAN('Reference Data'!$H$1,'Reference Data'!$H$2,$G10+1*IF($G10='Reference Data'!$H$2,-1,1))) | J10: =IFERROR(INDEX('Reference Data'!$D$2:$D$6,MATCH($K10,'Reference Data'!$E$2:$E$6,0)),"") | K10: =IF($G10="","",MEDIAN('Reference Data'!$H$1,'Reference Data'!$H$2,$G10+2*IF($G10='Reference Data'!$H$2,-1,1))) | L10: =IFERROR(INDEX('Reference Data'!$D$2:$D$6,MATCH($M10,'Reference Data'!$E$2:$E$6,0)),"") | M10: =IF($G10="","",MEDIAN('Reference Data'!$H$1,'Reference Data'!$H$2,$G10+3*IF($G10='Reference Data'!$H$2,-1,1))) | N10: =IFERROR(INDEX('Reference Data'!$D$2:$D$6,MATCH($O10,'Reference Data'!$E$2:$E$6,0)),"") | O10: =IF($G10="","",MEDIAN('Reference Data'!$H$1,'Reference Data'!$H$2,$G10+4*IF($G10='Reference Data'!$H$2,-1,1))) | S10: =IF($D10="","",IF($D10='Reference Data'!$A$11,"",IFERROR(IF(VLOOKUP($D10,'Reference Data'!$A$9:$C$11,3,FALSE)="",1,VLOOKUP($D10,'Reference Data'!$A$9:$C$11,3,FALSE)),1))) | T10: =IF($D10="","",IFERROR(VLOOKUP($D10,'Reference Data'!$A$9:$B$11,2,FALSE),""))
F11: =IFERROR(INDEX('Reference Data'!$D$2:$D$6,MATCH($G11,'Reference Data'!$E$2:$E$6,0)),"") | G11: =IF($D11="Scale",'Reference Data'!$H$2,"") | H11: =IFERROR(INDEX('Reference Data'!$D$2:$D$6,MATCH($I11,'Reference Data'!$E$2:$E$6,0)),"") | I11: =IF($G11="","",MEDIAN('Reference Data'!$H$1,'Reference Data'!$H$2,$G11+1*IF($G11='Reference Data'!$H$2,-1,1))) | J11: =IFERROR(INDEX('Reference Data'!$D$2:$D$6,MATCH($K11,'Reference Data'!$E$2:$E$6,0)),"") | K11: =IF($G11="","",MEDIAN('Reference Data'!$H$1,'Reference Data'!$H$2,$G11+2*IF($G11='Reference Data'!$H$2,-1,1))) | L11: =IFERROR(INDEX('Reference Data'!$D$2:$D$6,MATCH($M11,'Reference Data'!$E$2:$E$6,0)),"") | M11: =IF($G11="","",MEDIAN('Reference Data'!$H$1,'Reference Data'!$H$2,$G11+3*IF($G11='Reference Data'!$H$2,-1,1))) | N11: =IFERROR(INDEX('Reference Data'!$D$2:$D$6,MATCH($O11,'Reference Data'!$E$2:$E$6,0)),"") | O11: =IF($G11="","",MEDIAN('Reference Data'!$H$1,'Reference Data'!$H$2,$G11+4*IF($G11='Reference Data'!$H$2,-1,1))) | S11: =IF($D11="","",IF($D11='Reference Data'!$A$11,"",IFERROR(IF(VLOOKUP($D11,'Reference Data'!$A$9:$C$11,3,FALSE)="",1,VLOOKUP($D11,'Reference Data'!$A$9:$C$11,3,FALSE)),1))) | T11: =IF($D11="","",IFERROR(VLOOKUP($D11,'Reference Data'!$A$9:$B$11,2,FALSE),""))
F12: =IFERROR(INDEX('Reference Data'!$D$2:$D$6,MATCH($G12,'Reference Data'!$E$2:$E$6,0)),"") | G12: =IF($D12="Scale",'Reference Data'!$H$2,"") | H12: =IFERROR(INDEX('Reference Data'!$D$2:$D$6,MATCH($I12,'Reference Data'!$E$2:$E$6,0)),"") | I12: =IF($G12="","",MEDIAN('Reference Data'!$H$1,'Reference Data'!$H$2,$G12+1*IF($G12='Reference Data'!$H$2,-1,1))) | J12: =IFERROR(INDEX('Reference Data'!$D$2:$D$6,MATCH($K12,'Reference Data'!$E$2:$E$6,0)),"") | K12: =IF($G12="","",MEDIAN('Reference Data'!$H$1,'Reference Data'!$H$2,$G12+2*IF($G12='Reference Data'!$H$2,-1,1))) | L12: =IFERROR(INDEX('Reference Data'!$D$2:$D$6,MATCH($M12,'Reference Data'!$E$2:$E$6,0)),"") | M12: =IF($G12="","",MEDIAN('Reference Data'!$H$1,'Reference Data'!$H$2,$G12+3*IF($G12='Reference Data'!$H$2,-1,1))) | N12: =IFERROR(INDEX('Reference Data'!$D$2:$D$6,MATCH($O12,'Reference Data'!$E$2:$E$6,0)),"") | O12: =IF($G12="","",MEDIAN('Reference Data'!$H$1,'Reference Data'!$H$2,$G12+4*IF($G12='Reference Data'!$H$2,-1,1))) | S12: =IF($D12="","",IF($D12='Reference Data'!$A$11,"",IFERROR(IF(VLOOKUP($D12,'Reference Data'!$A$9:$C$11,3,FALSE)="",1,VLOOKUP($D12,'Reference Data'!$A$9:$C$11,3,FALSE)),1))) | T12: =IF($D12="","",IFERROR(VLOOKUP($D12,'Reference Data'!$A$9:$B$11,2,FALSE),""))
F13: =IFERROR(INDEX('Reference Data'!$D$2:$D$6,MATCH($G13,'Reference Data'!$E$2:$E$6,0)),"") | G13: =IF($D13="Scale",'Reference Data'!$H$2,"") | H13: =IFERROR(INDEX('Reference Data'!$D$2:$D$6,MATCH($I13,'Reference Data'!$E$2:$E$6,0)),"") | I13: =IF($G13="","",MEDIAN('Reference Data'!$H$1,'Reference Data'!$H$2,$G13+1*IF($G13='Reference Data'!$H$2,-1,1))) | J13: =IFERROR(INDEX('Reference Data'!$D$2:$D$6,MATCH($K13,'Reference Data'!$E$2:$E$6,0)),"") | K13: =IF($G13="","",MEDIAN('Reference Data'!$H$1,'Reference Data'!$H$2,$G13+2*IF($G13='Reference Data'!$H$2,-1,1))) | L13: =IFERROR(INDEX('Reference Data'!$D$2:$D$6,MATCH($M13,'Reference Data'!$E$2:$E$6,0)),"") | M13: =IF($G13="","",MEDIAN('Reference Data'!$H$1,'Reference Data'!$H$2,$G13+3*IF($G13='Reference Data'!$H$2,-1,1))) | N13: =IFERROR(INDEX('Reference Data'!$D$2:$D$6,MATCH($O13,'Reference Data'!$E$2:$E$6,0)),"") | O13: =IF($G13="","",MEDIAN('Reference Data'!$H$1,'Reference Data'!$H$2,$G13+4*IF($G13='Reference Data'!$H$2,-1,1))) | S13: =IF($D13="","",IF($D13='Reference Data'!$A$11,"",IFERROR(IF(VLOOKUP($D13,'Reference Data'!$A$9:$C$11,3,FALSE)="",1,VLOOKUP($D13,'Reference Data'!$A$9:$C$11,3,FALSE)),1))) | T13: =IF($D13="","",IFERROR(VLOOKUP($D13,'Reference Data'!$A$9:$B$11,2,FALSE),""))
F14: =IFERROR(INDEX('Reference Data'!$D$2:$D$6,MATCH($G14,'Reference Data'!$E$2:$E$6,0)),"") | G14: =IF($D14="Scale",'Reference Data'!$H$2,"") | H14: =IFERROR(INDEX('Reference Data'!$D$2:$D$6,MATCH($I14,'Reference Data'!$E$2:$E$6,0)),"") | I14: =IF($G14="","",MEDIAN('Reference Data'!$H$1,'Reference Data'!$H$2,$G14+1*IF($G14='Reference Data'!$H$2,-1,1))) | J14: =IFERROR(INDEX('Reference Data'!$D$2:$D$6,MATCH($K14,'Reference Data'!$E$2:$E$6,0)),"") | K14: =IF($G14="","",MEDIAN('Reference Data'!$H$1,'Reference Data'!$H$2,$G14+2*IF($G14='Reference Data'!$H$2,-1,1))) | L14: =IFERROR(INDEX('Reference Data'!$D$2:$D$6,MATCH($M14,'Reference Data'!$E$2:$E$6,0)),"") | M14: =IF($G14="","",MEDIAN('Reference Data'!$H$1,'Reference Data'!$H$2,$G14+3*IF($G14='Reference Data'!$H$2,-1,1))) | N14: =IFERROR(INDEX('Reference Data'!$D$2:$D$6,MATCH($O14,'Reference Data'!$E$2:$E$6,0)),"") | O14: =IF($G14="","",MEDIAN('Reference Data'!$H$1,'Reference Data'!$H$2,$G14+4*IF($G14='Reference Data'!$H$2,-1,1))) | S14: =IF($D14="","",IF($D14='Reference Data'!$A$11,"",IFERROR(IF(VLOOKUP($D14,'Reference Data'!$A$9:$C$11,3,FALSE)="",1,VLOOKUP($D14,'Reference Data'!$A$9:$C$11,3,FALSE)),1))) | T14: =IF($D14="","",IFERROR(VLOOKUP($D14,'Reference Data'!$A$9:$B$11,2,FALSE),""))
F15: =IFERROR(INDEX('Reference Data'!$D$2:$D$6,MATCH($G15,'Reference Data'!$E$2:$E$6,0)),"") | G15: =IF($D15="Scale",'Reference Data'!$H$2,"") | H15: =IFERROR(INDEX('Reference Data'!$D$2:$D$6,MATCH($I15,'Reference Data'!$E$2:$E$6,0)),"") | I15: =IF($G15="","",MEDIAN('Reference Data'!$H$1,'Reference Data'!$H$2,$G15+1*IF($G15='Reference Data'!$H$2,1,-1))) | J15: =IFERROR(INDEX('Reference Data'!$D$2:$D$6,MATCH($K15,'Reference Data'!$E$2:$E$6,0)),"") | K15: =IF($G15="","",MEDIAN('Reference Data'!$H$1,'Reference Data'!$H$2,$G15+2*IF($G15='Reference Data'!$H$2,1,-1))) | L15: =IFERROR(INDEX('Reference Data'!$D$2:$D$6,MATCH($M15,'Reference Data'!$E$2:$E$6,0)),"") | M15: =IF($G15="","",MEDIAN('Reference Data'!$H$1,'Reference Data'!$H$2,$G15+3*IF($G15='Reference Data'!$H$2,1,-1))) | N15: =IFERROR(INDEX('Reference Data'!$D$2:$D$6,MATCH($O15,'Reference Data'!$E$2:$E$6,0)),"") | O15: =IF($G15="","",MEDIAN('Reference Data'!$H$1,'Reference Data'!$H$2,$G15+4*IF($G15='Reference Data'!$H$2,1,-1))) | S15: =IF($D15="","",IF($D15='Reference Data'!$A$11,"",IFERROR(IF(VLOOKUP($D15,'Reference Data'!$A$9:$C$11,3,FALSE)="",1,VLOOKUP($D15,'Reference Data'!$A$9:$C$11,3,FALSE)),1))) | T15: =IF($D15="","",IFERROR(VLOOKUP($D15,'Reference Data'!$A$9:$B$11,2,FALSE),""))
F16: =IFERROR(INDEX('Reference Data'!$D$2:$D$6,MATCH($G16,'Reference Data'!$E$2:$E$6,0)),"") | G16: =IF($D16="Scale",'Reference Data'!$H$2,"") | H16: =IFERROR(INDEX('Reference Data'!$D$2:$D$6,MATCH($I16,'Reference Data'!$E$2:$E$6,0)),"") | I16: =IF($G16="","",MEDIAN('Reference Data'!$H$1,'Reference Data'!$H$2,$G16+1*IF($G16='Reference Data'!$H$2,1,-1))) | J16: =IFERROR(INDEX('Reference Data'!$D$2:$D$6,MATCH($K16,'Reference Data'!$E$2:$E$6,0)),"") | K16: =IF($G16="","",MEDIAN('Reference Data'!$H$1,'Reference Data'!$H$2,$G16+2*IF($G16='Reference Data'!$H$2,1,-1))) | L16: =IFERROR(INDEX('Reference Data'!$D$2:$D$6,MATCH($M16,'Reference Data'!$E$2:$E$6,0)),"") | M16: =IF($G16="","",MEDIAN('Reference Data'!$H$1,'Reference Data'!$H$2,$G16+3*IF($G16='Reference Data'!$H$2,1,-1))) | N16: =IFERROR(INDEX('Reference Data'!$D$2:$D$6,MATCH($O16,'Reference Data'!$E$2:$E$6,0)),"") | O16: =IF($G16="","",MEDIAN('Reference Data'!$H$1,'Reference Data'!$H$2,$G16+4*IF($G16='Reference Data'!$H$2,1,-1))) | S16: =IF($D16="","",IF($D16='Reference Data'!$A$11,"",IFERROR(IF(VLOOKUP($D16,'Reference Data'!$A$9:$C$11,3,FALSE)="",1,VLOOKUP($D16,'Reference Data'!$A$9:$C$11,3,FALSE)),1))) | T16: =IF($D16="","",IFERROR(VLOOKUP($D16,'Reference Data'!$A$9:$B$11,2,FALSE),""))
F17: =IFERROR(INDEX('Reference Data'!$D$2:$D$6,MATCH($G17,'Reference Data'!$E$2:$E$6,0)),"") | G17: =IF($D17="Scale",'Reference Data'!$H$2,"") | H17: =IFERROR(INDEX('Reference Data'!$D$2:$D$6,MATCH($I17,'Reference Data'!$E$2:$E$6,0)),"") | I17: =IF($G17="","",MEDIAN('Reference Data'!$H$1,'Reference Data'!$H$2,$G17+1*IF($G17='Reference Data'!$H$2,1,-1))) | J17: =IFERROR(INDEX('Reference Data'!$D$2:$D$6,MATCH($K17,'Reference Data'!$E$2:$E$6,0)),"") | K17: =IF($G17="","",MEDIAN('Reference Data'!$H$1,'Reference Data'!$H$2,$G17+2*IF($G17='Reference Data'!$H$2,1,-1))) | L17: =IFERROR(INDEX('Reference Data'!$D$2:$D$6,MATCH($M17,'Reference Data'!$E$2:$E$6,0)),"") | M17: =IF($G17="","",MEDIAN('Reference Data'!$H$1,'Reference Data'!$H$2,$G17+3*IF($G17='Reference Data'!$H$2,1,-1))) | N17: =IFERROR(INDEX('Reference Data'!$D$2:$D$6,MATCH($O17,'Reference Data'!$E$2:$E$6,0)),"") | O17: =IF($G17="","",MEDIAN('Reference Data'!$H$1,'Reference Data'!$H$2,$G17+4*IF($G17='Reference Data'!$H$2,1,-1))) | S17: =IF($D17="","",IF($D17='Reference Data'!$A$11,"",IFERROR(IF(VLOOKUP($D17,'Reference Data'!$A$9:$C$11,3,FALSE)="",1,VLOOKUP($D17,'Reference Data'!$A$9:$C$11,3,FALSE)),1))) | T17: =IF($D17="","",IFERROR(VLOOKUP($D17,'Reference Data'!$A$9:$B$11,2,FALSE),""))
F18: =IFERROR(INDEX('Reference Data'!$D$2:$D$6,MATCH($G18,'Reference Data'!$E$2:$E$6,0)),"") | G18: =IF($D18="Scale",'Reference Data'!$H$2,"") | H18: =IFERROR(INDEX('Reference Data'!$D$2:$D$6,MATCH($I18,'Reference Data'!$E$2:$E$6,0)),"") | I18: =IF($G18="","",MEDIAN('Reference Data'!$H$1,'Reference Data'!$H$2,$G18+1*IF($G18='Reference Data'!$H$2,1,-1))) | J18: =IFERROR(INDEX('Reference Data'!$D$2:$D$6,MATCH($K18,'Reference Data'!$E$2:$E$6,0)),"") | K18: =IF($G18="","",MEDIAN('Reference Data'!$H$1,'Reference Data'!$H$2,$G18+2*IF($G18='Reference Data'!$H$2,1,-1))) | L18: =IFERROR(INDEX('Reference Data'!$D$2:$D$6,MATCH($M18,'Reference Data'!$E$2:$E$6,0)),"") | M18: =IF($G18="","",MEDIAN('Reference Data'!$H$1,'Reference Data'!$H$2,$G18+3*IF($G18='Reference Data'!$H$2,1,-1))) | N18: =IFERROR(INDEX('Reference Data'!$D$2:$D$6,MATCH($O18,'Reference Data'!$E$2:$E$6,0)),"") | O18: =IF($G18="","",MEDIAN('Reference Data'!$H$1,'Reference Data'!$H$2,$G18+4*IF($G18='Reference Data'!$H$2,1,-1))) | S18: =IF($D18="","",IF($D18='Reference Data'!$A$11,"",IFERROR(IF(VLOOKUP($D18,'Reference Data'!$A$9:$C$11,3,FALSE)="",1,VLOOKUP($D18,'Reference Data'!$A$9:$C$11,3,FALSE)),1))) | T18: =IF($D18="","",IFERROR(VLOOKUP($D18,'Reference Data'!$A$9:$B$11,2,FALSE),""))
F19: =IFERROR(INDEX('Reference Data'!$D$2:$D$6,MATCH($G19,'Reference Data'!$E$2:$E$6,0)),"") | G19: =IF($D19="Scale",'Reference Data'!$H$2,"") | H19: =IFERROR(INDEX('Reference Data'!$D$2:$D$6,MATCH($I19,'Reference Data'!$E$2:$E$6,0)),"") | I19: =IF($G19="","",MEDIAN('Reference Data'!$H$1,'Reference Data'!$H$2,$G19+1*IF($G19='Reference Data'!$H$2,1,-1))) | J19: =IFERROR(INDEX('Reference Data'!$D$2:$D$6,MATCH($K19,'Reference Data'!$E$2:$E$6,0)),"") | K19: =IF($G19="","",MEDIAN('Reference Data'!$H$1,'Reference Data'!$H$2,$G19+2*IF($G19='Reference Data'!$H$2,1,-1))) | L19: =IFERROR(INDEX('Reference Data'!$D$2:$D$6,MATCH($M19,'Reference Data'!$E$2:$E$6,0)),"") | M19: =IF($G19="","",MEDIAN('Reference Data'!$H$1,'Reference Data'!$H$2,$G19+3*IF($G19='Reference Data'!$H$2,1,-1))) | N19: =IFERROR(INDEX('Reference Data'!$D$2:$D$6,MATCH($O19,'Reference Data'!$E$2:$E$6,0)),"") | O19: =IF($G19="","",MEDIAN('Reference Data'!$H$1,'Reference Data'!$H$2,$G19+4*IF($G19='Reference Data'!$H$2,1,-1))) | S19: =IF($D19="","",IF($D19='Reference Data'!$A$11,"",IFERROR(IF(VLOOKUP($D19,'Reference Data'!$A$9:$C$11,3,FALSE)="",1,VLOOKUP($D19,'Reference Data'!$A$9:$C$11,3,FALSE)),1))) | T19: =IF($D19="","",IFERROR(VLOOKUP($D19,'Reference Data'!$A$9:$B$11,2,FALSE),""))
F20: =IFERROR(INDEX('Reference Data'!$D$2:$D$6,MATCH($G20,'Reference Data'!$E$2:$E$6,0)),"") | G20: =IF($D20="Scale",'Reference Data'!$H$2,"") | H20: =IFERROR(INDEX('Reference Data'!$D$2:$D$6,MATCH($I20,'Reference Data'!$E$2:$E$6,0)),"") | I20: =IF($G20="","",MEDIAN('Reference Data'!$H$1,'Reference Data'!$H$2,$G20+1*IF($G20='Reference Data'!$H$2,1,-1))) | J20: =IFERROR(INDEX('Reference Data'!$D$2:$D$6,MATCH($K20,'Reference Data'!$E$2:$E$6,0)),"") | K20: =IF($G20="","",MEDIAN('Reference Data'!$H$1,'Reference Data'!$H$2,$G20+2*IF($G20='Reference Data'!$H$2,1,-1))) | L20: =IFERROR(INDEX('Reference Data'!$D$2:$D$6,MATCH($M20,'Reference Data'!$E$2:$E$6,0)),"") | M20: =IF($G20="","",MEDIAN('Reference Data'!$H$1,'Reference Data'!$H$2,$G20+3*IF($G20='Reference Data'!$H$2,1,-1))) | N20: =IFERROR(INDEX('Reference Data'!$D$2:$D$6,MATCH($O20,'Reference Data'!$E$2:$E$6,0)),"") | O20: =IF($G20="","",MEDIAN('Reference Data'!$H$1,'Reference Data'!$H$2,$G20+4*IF($G20='Reference Data'!$H$2,1,-1))) | S20: =IF($D20="","",IF($D20='Reference Data'!$A$11,"",IFERROR(IF(VLOOKUP($D20,'Reference Data'!$A$9:$C$11,3,FALSE)="",1,VLOOKUP($D20,'Reference Data'!$A$9:$C$11,3,FALSE)),1))) | T20: =IF($D20="","",IFERROR(VLOOKUP($D20,'Reference Data'!$A$9:$B$11,2,FALSE),""))
F21: =IFERROR(INDEX('Reference Data'!$D$2:$D$6,MATCH($G21,'Reference Data'!$E$2:$E$6,0)),"") | G21: =IF($D21="Scale",'Reference Data'!$H$2,"") | H21: =IFERROR(INDEX('Reference Data'!$D$2:$D$6,MATCH($I21,'Reference Data'!$E$2:$E$6,0)),"") | I21: =IF($G21="","",MEDIAN('Reference Data'!$H$1,'Reference Data'!$H$2,$G21+1*IF($G21='Reference Data'!$H$2,1,-1))) | J21: =IFERROR(INDEX('Reference Data'!$D$2:$D$6,MATCH($K21,'Reference Data'!$E$2:$E$6,0)),"") | K21: =IF($G21="","",MEDIAN('Reference Data'!$H$1,'Reference Data'!$H$2,$G21+2*IF($G21='Reference Data'!$H$2,1,-1))) | L21: =IFERROR(INDEX('Reference Data'!$D$2:$D$6,MATCH($M21,'Reference Data'!$E$2:$E$6,0)),"") | M21: =IF($G21="","",MEDIAN('Reference Data'!$H$1,'Reference Data'!$H$2,$G21+3*IF($G21='Reference Data'!$H$2,1,-1))) | N21: =IFERROR(INDEX('Reference Data'!$D$2:$D$6,MATCH($O21,'Reference Data'!$E$2:$E$6,0)),"") | O21: =IF($G21="","",MEDIAN('Reference Data'!$H$1,'Reference Data'!$H$2,$G21+4*IF($G21='Reference Data'!$H$2,1,-1))) | S21: =IF($D21="","",IF($D21='Reference Data'!$A$11,"",IFERROR(IF(VLOOKUP($D21,'Reference Data'!$A$9:$C$11,3,FALSE)="",1,VLOOKUP($D21,'Reference Data'!$A$9:$C$11,3,FALSE)),1))) | T21: =IF($D21="","",IFERROR(VLOOKUP($D21,'Reference Data'!$A$9:$B$11,2,FALSE),""))
F22: =IFERROR(INDEX('Reference Data'!$D$2:$D$6,MATCH($G22,'Reference Data'!$E$2:$E$6,0)),"") | G22: =IF($D22="Scale",'Reference Data'!$H$2,"") | H22: =IFERROR(INDEX('Reference Data'!$D$2:$D$6,MATCH($I22,'Reference Data'!$E$2:$E$6,0)),"") | I22: =IF($G22="","",MEDIAN('Reference Data'!$H$1,'Reference Data'!$H$2,$G22+1*IF($G22='Reference Data'!$H$2,1,-1))) | J22: =IFERROR(INDEX('Reference Data'!$D$2:$D$6,MATCH($K22,'Reference Data'!$E$2:$E$6,0)),"") | K22: =IF($G22="","",MEDIAN('Reference Data'!$H$1,'Reference Data'!$H$2,$G22+2*IF($G22='Reference Data'!$H$2,1,-1))) | L22: =IFERROR(INDEX('Reference Data'!$D$2:$D$6,MATCH($M22,'Reference Data'!$E$2:$E$6,0)),"") | M22: =IF($G22="","",MEDIAN('Reference Data'!$H$1,'Reference Data'!$H$2,$G22+3*IF($G22='Reference Data'!$H$2,1,-1))) | N22: =IFERROR(INDEX('Reference Data'!$D$2:$D$6,MATCH($O22,'Reference Data'!$E$2:$E$6,0)),"") | O22: =IF($G22="","",MEDIAN('Reference Data'!$H$1,'Reference Data'!$H$2,$G22+4*IF($G22='Reference Data'!$H$2,1,-1))) | S22: =IF($D22="","",IF($D22='Reference Data'!$A$11,"",IFERROR(IF(VLOOKUP($D22,'Reference Data'!$A$9:$C$11,3,FALSE)="",1,VLOOKUP($D22,'Reference Data'!$A$9:$C$11,3,FALSE)),1))) | T22: =IF($D22="","",IFERROR(VLOOKUP($D22,'Reference Data'!$A$9:$B$11,2,FALSE),""))
F23: =IFERROR(INDEX('Reference Data'!$D$2:$D$6,MATCH($G23,'Reference Data'!$E$2:$E$6,0)),"") | G23: =IF($D23="Scale",'Reference Data'!$H$2,"") | H23: =IFERROR(INDEX('Reference Data'!$D$2:$D$6,MATCH($I23,'Reference Data'!$E$2:$E$6,0)),"") | I23: =IF($G23="","",MEDIAN('Reference Data'!$H$1,'Reference Data'!$H$2,$G23+1*IF($G23='Reference Data'!$H$2,1,-1))) | J23: =IFERROR(INDEX('Reference Data'!$D$2:$D$6,MATCH($K23,'Reference Data'!$E$2:$E$6,0)),"") | K23: =IF($G23="","",MEDIAN('Reference Data'!$H$1,'Reference Data'!$H$2,$G23+2*IF($G23='Reference Data'!$H$2,1,-1))) | L23: =IFERROR(INDEX('Reference Data'!$D$2:$D$6,MATCH($M23,'Reference Data'!$E$2:$E$6,0)),"") | M23: =IF($G23="","",MEDIAN('Reference Data'!$H$1,'Reference Data'!$H$2,$G23+3*IF($G23='Reference Data'!$H$2,1,-1))) | N23: =IFERROR(INDEX('Reference Data'!$D$2:$D$6,MATCH($O23,'Reference Data'!$E$2:$E$6,0)),"") | O23: =IF($G23="","",MEDIAN('Reference Data'!$H$1,'Reference Data'!$H$2,$G23+4*IF($G23='Reference Data'!$H$2,1,-1))) | S23: =IF($D23="","",IF($D23='Reference Data'!$A$11,"",IFERROR(IF(VLOOKUP($D23,'Reference Data'!$A$9:$C$11,3,FALSE)="",1,VLOOKUP($D23,'Reference Data'!$A$9:$C$11,3,FALSE)),1))) | T23: =IF($D23="","",IFERROR(VLOOKUP($D23,'Reference Data'!$A$9:$B$11,2,FALSE),""))
F24: =IFERROR(INDEX('Reference Data'!$D$2:$D$6,MATCH($G24,'Reference Data'!$E$2:$E$6,0)),"") | G24: =IF($D24="Scale",'Reference Data'!$H$2,"") | H24: =IFERROR(INDEX('Reference Data'!$D$2:$D$6,MATCH($I24,'Reference Data'!$E$2:$E$6,0)),"") | I24: =IF($G24="","",MEDIAN('Reference Data'!$H$1,'Reference Data'!$H$2,$G24+1*IF($G24='Reference Data'!$H$2,1,-1))) | J24: =IFERROR(INDEX('Reference Data'!$D$2:$D$6,MATCH($K24,'Reference Data'!$E$2:$E$6,0)),"") | K24: =IF($G24="","",MEDIAN('Reference Data'!$H$1,'Reference Data'!$H$2,$G24+2*IF($G24='Reference Data'!$H$2,1,-1))) | L24: =IFERROR(INDEX('Reference Data'!$D$2:$D$6,MATCH($M24,'Reference Data'!$E$2:$E$6,0)),"") | M24: =IF($G24="","",MEDIAN('Reference Data'!$H$1,'Reference Data'!$H$2,$G24+3*IF($G24='Reference Data'!$H$2,1,-1))) | N24: =IFERROR(INDEX('Reference Data'!$D$2:$D$6,MATCH($O24,'Reference Data'!$E$2:$E$6,0)),"") | O24: =IF($G24="","",MEDIAN('Reference Data'!$H$1,'Reference Data'!$H$2,$G24+4*IF($G24='Reference Data'!$H$2,1,-1))) | S24: =IF($D24="","",IF($D24='Reference Data'!$A$11,"",IFERROR(IF(VLOOKUP($D24,'Reference Data'!$A$9:$C$11,3,FALSE)="",1,VLOOKUP($D24,'Reference Data'!$A$9:$C$11,3,FALSE)),1))) | T24: =IF($D24="","",IFERROR(VLOOKUP($D24,'Reference Data'!$A$9:$B$11,2,FALSE),""))
F25: =IFERROR(INDEX('Reference Data'!$D$2:$D$6,MATCH($G25,'Reference Data'!$E$2:$E$6,0)),"") | G25: =IF($D25="Scale",'Reference Data'!$H$2,"") | H25: =IFERROR(INDEX('Reference Data'!$D$2:$D$6,MATCH($I25,'Reference Data'!$E$2:$E$6,0)),"") | I25: =IF($G25="","",MEDIAN('Reference Data'!$H$1,'Reference Data'!$H$2,$G25+1*IF($G25='Reference Data'!$H$2,1,-1))) | J25: =IFERROR(INDEX('Reference Data'!$D$2:$D$6,MATCH($K25,'Reference Data'!$E$2:$E$6,0)),"") | K25: =IF($G25="","",MEDIAN('Reference Data'!$H$1,'Reference Data'!$H$2,$G25+2*IF($G25='Reference Data'!$H$2,1,-1))) | L25: =IFERROR(INDEX('Reference Data'!$D$2:$D$6,MATCH($M25,'Reference Data'!$E$2:$E$6,0)),"") | M25: =IF($G25="","",MEDIAN('Reference Data'!$H$1,'Reference Data'!$H$2,$G25+3*IF($G25='Reference Data'!$H$2,1,-1))) | N25: =IFERROR(INDEX('Reference Data'!$D$2:$D$6,MATCH($O25,'Reference Data'!$E$2:$E$6,0)),"") | O25: =IF($G25="","",MEDIAN('Reference Data'!$H$1,'Reference Data'!$H$2,$G25+4*IF($G25='Reference Data'!$H$2,1,-1))) | S25: =IF($D25="","",IF($D25='Reference Data'!$A$11,"",IFERROR(IF(VLOOKUP($D25,'Reference Data'!$A$9:$C$11,3,FALSE)="",1,VLOOKUP($D25,'Reference Data'!$A$9:$C$11,3,FALSE)),1))) | T25: =IF($D25="","",IFERROR(VLOOKUP($D25,'Reference Data'!$A$9:$B$11,2,FALSE),""))
F26: =IFERROR(INDEX('Reference Data'!$D$2:$D$6,MATCH($G26,'Reference Data'!$E$2:$E$6,0)),"") | G26: =IF($D26="Scale",'Reference Data'!$H$2,"") | H26: =IFERROR(INDEX('Reference Data'!$D$2:$D$6,MATCH($I26,'Reference Data'!$E$2:$E$6,0)),"") | I26: =IF($G26="","",MEDIAN('Reference Data'!$H$1,'Reference Data'!$H$2,$G26+1*IF($G26='Reference Data'!$H$2,1,-1))) | J26: =IFERROR(INDEX('Reference Data'!$D$2:$D$6,MATCH($K26,'Reference Data'!$E$2:$E$6,0)),"") | K26: =IF($G26="","",MEDIAN('Reference Data'!$H$1,'Reference Data'!$H$2,$G26+2*IF($G26='Reference Data'!$H$2,1,-1))) | L26: =IFERROR(INDEX('Reference Data'!$D$2:$D$6,MATCH($M26,'Reference Data'!$E$2:$E$6,0)),"") | M26: =IF($G26="","",MEDIAN('Reference Data'!$H$1,'Reference Data'!$H$2,$G26+3*IF($G26='Reference Data'!$H$2,1,-1))) | N26: =IFERROR(INDEX('Reference Data'!$D$2:$D$6,MATCH($O26,'Reference Data'!$E$2:$E$6,0)),"") | O26: =IF($G26="","",MEDIAN('Reference Data'!$H$1,'Reference Data'!$H$2,$G26+4*IF($G26='Reference Data'!$H$2,1,-1))) | S26: =IF($D26="","",IF($D26='Reference Data'!$A$11,"",IFERROR(IF(VLOOKUP($D26,'Reference Data'!$A$9:$C$11,3,FALSE)="",1,VLOOKUP($D26,'Reference Data'!$A$9:$C$11,3,FALSE)),1))) | T26: =IF($D26="","",IFERROR(VLOOKUP($D26,'Reference Data'!$A$9:$B$11,2,FALSE),""))
... F200: =IFERROR(INDEX('Reference Data'!$D$2:$D$6,MATCH($G200,'Reference Data'!$E$2:$E$6,0)),"") | G200: =IF($D200="Scale",'Reference Data'!$H$2,"") | H200: =IFERROR(INDEX('Reference Data'!$D$2:$D$6,MATCH($I200,'Reference Data'!$E$2:$E$6,0)),"") | I200: =IF($G200="","",MEDIAN('Reference Data'!$H$1,'Reference Data'!$H$2,$G200+1*IF($G200='Reference Data'!$H$2,1,-1))) | J200: =IFERROR(INDEX('Reference Data'!$D$2:$D$6,MATCH($K200,'Reference Data'!$E$2:$E$6,0)),"") | K200: =IF($G200="","",MEDIAN('Reference Data'!$H$1,'Reference Data'!$H$2,$G200+2*IF($G200='Reference Data'!$H$2,1,-1))) | L200: =IFERROR(INDEX('Reference Data'!$D$2:$D$6,MATCH($M200,'Reference Data'!$E$2:$E$6,0)),"") | M200: =IF($G200="","",MEDIAN('Reference Data'!$H$1,'Reference Data'!$H$2,$G200+3*IF($G200='Reference Data'!$H$2,1,-1))) | N200: =IFERROR(INDEX('Reference Data'!$D$2:$D$6,MATCH($O200,'Reference Data'!$E$2:$E$6,0)),"") | O200: =IF($G200="","",MEDIAN('Reference Data'!$H$1,'Reference Data'!$H$2,$G200+4*IF($G200='Reference Data'!$H$2,1,-1))) | S200: =IF($D200="","",IF($D200='Reference Data'!$A$11,"",IFERROR(IF(VLOOKUP($D200,'Reference Data'!$A$9:$C$11,3,FALSE)="",1,VLOOKUP($D200,'Reference Data'!$A$9:$C$11,3,FALSE)),1))) | T200: =IF($D200="","",IFERROR(VLOOKUP($D200,'Reference Data'!$A$9:$B$11,2,FALSE),""))

Sheet Reference Data
A1: Scale | B1: A→B(1~6) | C1: 1 | D1: Default Option Labels | E1: Default Score | G1: Min Allowed Score | H1: 1
A2: A/B Forced Choice | B2: A→B(6~1) | C2: =$H$2/$H$3 -> 0.83333333 | D2: Strongly Agree | E2: 5 | G2: Max Allowed Score | H2: 5
A3: Essay | D3: Agree | E3: 4 | G3: A/B Forced Choice Input Unit (Max Score) | H3: 6
D4: Neutral | E4: 3
D5: Disagree | E5: 2
D6: Strongly Disagree | E6: 1
A8: Question Type Name | B8: Question Type Code | D8: A
A9: =A1 -> Scale | B9: SC | C9: =C1 -> 1 | D9: Closer to A
A10: =A2 -> A/B Forced Choice | B10: BI | C10: =C2 -> 0.83333333 | D10: Somewhat closer to A
A11: =A3 -> Essay | B11: LA | C11: =C3 -> 0 | D11: Somewhat closer to B
D12: Closer to B
D13: B
