Workbook
Name RESP_NAMES: 코드표!$A$2:$A$5

Sheet 업로드_템플릿
A1: ✅ 작성 방법: A·B열에 아이디를 입력하고 C열에서 응답범위를 드롭다운으로 선택하세요. D열(응답범위코드)은 자동 입력되므로 수정하지 마세요. 3~5행은 샘플 데이터입니다. 실제 등록 시 삭제 후 사용하세요.
A2: 대상자 아이디 | B2: 응답자 아이디 | C2: 응답범위 | D2: 응답범위코드
A3: 예: hong@hunet.co.kr | B3: 예: kim@hunet.co.kr | C3: ▼ 드롭다운 선택 | D3: 자동 입력 (수정 금지)
A4: hong@hunet.co.kr | B4: hong@hunet.co.kr | C4: 본인 | D4: =IF($C4="","",IFERROR(VLOOKUP($C4,코드표!$A:$B,2,FALSE),""))
A5: hong@hunet.co.kr | B5: kim@hunet.co.kr | C5: 상사 | D5: =IF($C5="","",IFERROR(VLOOKUP($C5,코드표!$A:$B,2,FALSE),""))
A6: hong@hunet.co.kr | B6: lee@hunet.co.kr | C6: 구성원 | D6: =IF($C6="","",IFERROR(VLOOKUP($C6,코드표!$A:$B,2,FALSE),""))
A7: hong@hunet.co.kr | B7: park@hunet.co.kr | C7: 구성원 | D7: =IF($C7="","",IFERROR(VLOOKUP($C7,코드표!$A:$B,2,FALSE),""))
A8: hong@hunet.co.kr | B8: choi@hunet.co.kr | C8: 동료 | D8: =IF($C8="","",IFERROR(VLOOKUP($C8,코드표!$A:$B,2,FALSE),""))
D9: =IF($C9="","",IFERROR(VLOOKUP($C9,코드표!$A:$B,2,FALSE),""))
D10: =IF($C10="","",IFERROR(VLOOKUP($C10,코드표!$A:$B,2,FALSE),""))
D11: =IF($C11="","",IFERROR(VLOOKUP($C11,코드표!$A:$B,2,FALSE),""))
D12: =IF($C12="","",IFERROR(VLOOKUP($C12,코드표!$A:$B,2,FALSE),""))
D13: =IF($C13="","",IFERROR(VLOOKUP($C13,코드표!$A:$B,2,FALSE),""))
D14: =IF($C14="","",IFERROR(VLOOKUP($C14,코드표!$A:$B,2,FALSE),""))
D15: =IF($C15="","",IFERROR(VLOOKUP($C15,코드표!$A:$B,2,FALSE),""))
D16: =IF($C16="","",IFERROR(VLOOKUP($C16,코드표!$A:$B,2,FALSE),""))
D17: =IF($C17="","",IFERROR(VLOOKUP($C17,코드표!$A:$B,2,FALSE),""))
D18: =IF($C18="","",IFERROR(VLOOKUP($C18,코드표!$A:$B,2,FALSE),""))
D19: =IF($C19="","",IFERROR(VLOOKUP($C19,코드표!$A:$B,2,FALSE),""))
D20: =IF($C20="","",IFERROR(VLOOKUP($C20,코드표!$A:$B,2,FALSE),""))
... D200: =IF($C200="","",IFERROR(VLOOKUP($C200,코드표!$A:$B,2,FALSE),""))

Sheet 코드표
A1: 응답범위 | B1: 응답범위코드
A2: 본인 | B2: 01
A3: 상사 | B3: 02
A4: 구성원 | B4: 03
A5: 동료 | B5: 04
