Workbook
Name LastFilledRow: SUMPRODUCT(MAX(('진단 일괄 등록'!$A$3:$A$200<>"")*ROW('진단 일괄 등록'!$A$3:$A$200)))
Name QuestionTypes: 참조데이터!$A$1:$A$3
Name ScoreDirections: 참조데이터!$B$1:$B$2

Sheet 사용법
A1: 진단 문항 일괄 등록 템플릿 · 사용법 · 유형·세부역량은 선택
A3: 작성 순서
A4: 1 | B4: [진단 일괄 등록] 시트의 3~6행 예시를 참고합니다.
A5: 2 | B5: A~C열에 유형명 · 역량군명 · 세부역량명을 입력합니다. 역량군명(B열)은 필수이며, 유형명(A열)과 세부역량명(C열)은 선택입니다. 사용하지 않는 열은 전체 행을 비워 두세요. (일부 행만 입력하면 오류)
A6: 3 | B6: D열에서 문항유형을 목록에서 선택합니다. (척도형 / A/B 강제선택 / 서술형)
A7: 4 | B7: E열 문항내용은 척도형·서술형에서만 입력합니다. A/B 강제선택은 P·Q열 문구가 곧 선택지이므로 E열을 비워 둡니다.
A8: 5 | B8: 유형에 따라 색이 살아나는 영역만 채우면 됩니다. 회색 영역은 입력하지 않습니다.
A9: 6 | B9: 작성 후 노란색·주황색·빨간색이 남아 있지 않은지 확인하고 업로드합니다.
A10: 7 | B10: A열(유형명)은 응답 화면에서 유형별 탭으로 노출됩니다. B열(역량군명)·C열(세부역량명)은 응답 화면의 구분과 결과 리포트(점수 집계, 강점·약점 분석, 추천과정 연결) 생성에 사용됩니다.
A11: 색상 안내
A12: 노란색 | B12: 반드시 입력해야 하는데 비어 있는 칸입니다.
A13: 빨간색 | B13: 문항유형을 선택하지 않았거나, 점수가 1~5 범위를 벗어난 칸입니다.
A14: 회색 | B14: 선택한 문항유형에서는 입력이 필요 없는 칸입니다.
A16: 문항유형별 입력 영역
A17: 척도형 | B17: F~O열(보기1~5 내용과 점수)을 사용합니다. P~R열은 비웁니다.
B18: 점수1에 5를 넣으면 4·3·2·1이, 1을 넣으면 2·3·4·5가 자동으로 채워지고 보기 문구도 함께 맞춰집니다.
B19: 보기 문구를 직접 바꾸고 싶으면 해당 칸에 그대로 덮어써서 입력하면 됩니다.
A20: A/B 강제선택 | B20: P~R열(A 좌측 문구 · B 우측 문구 · 점수방향)을 사용합니다. E열 문항내용과 F~O열은 비웁니다.
A21: 서술형 | B21: A~E열만 입력하고 F~R열은 모두 비웁니다.
A22: 점수방향 | B22: A/B 강제선택은 6점 체계입니다. A→B(1~6점) 또는 A→B(6~1점) 중에서 선택하며, 척도형의 1~5점 제한과는 무관합니다.
A24: 주의사항
A25: · | B25: 점수는 1~5 정수만 입력할 수 있습니다. 그 밖의 값은 입력이 차단됩니다.
A26: 이 시트는 실수로 수식이 지워지지 않도록 보호되어 있습니다. 입력 영역(A~S열)은 자유롭게 작성·행 추가·삭제·정렬이 가능하며, 헤더와 U~W열만 잠겨 있습니다.

Sheet 진단 일괄 등록
A1: ① 유형 (탭 노출 · 선택) | B1: ② 역량 정보 (역량군 필수 입력 · 세부역량 선택) | D1: ③ 문항 (A/B 강제선택은 문항내용 비움) | F1: ④ 척도형 전용 · 보기와 점수 (점수1만 바꾸면 나머지 자동) | P1: ⑤ A/B 강제선택 전용 | S1: ⑥ 가중치 | T1: ⑦ 코드 | U1: 기타
A2: 유형명 (선택, 최대 15자) | B2: ★ 역량군명 (최대 15자) | C2: 세부역량명 (선택, 최대 15자) | D2: ★ 문항유형 | E2: 문항내용 (A/B 강제선택은 비움, 최대 300자) | F2: 보기1 내용 (최대 30자) | G2: 점수1 | H2: 보기2 내용 (최대 30자) | I2: 점수2 | J2: 보기3 내용 (최대 30자) | K2: 점수3 | L2: 보기4 내용 (최대 30자) | M2: 점수4 | N2: 보기5 내용 (최대 30자) | O2: 점수5 | P2: A 좌측 문구 (최대 150자) | Q2: B 우측 문구 (최대 150자) | R2: ★ 점수방향 | S2: 점수 가중치(미입력 시 1) | T2: 문항유형코드 | U2: 비고
A3: 리더십 진단 | B3: 자기관리 | C3: 자기인식 | D3: 척도형 | E3: 나는 나의 강점과 약점을 명확히 인식한다. | F3: =IFERROR(INDEX(참조데이터!$D$2:$D$6,MATCH($G3,참조데이터!$E$2:$E$6,0)),"") -> 매우 그렇다 | G3: =IF($D3="척도형",참조데이터!$E$2,"") -> 5 | H3: =IFERROR(INDEX(참조데이터!$D$2:$D$6,MATCH($I3,참조데이터!$E$2:$E$6,0)),"") -> 그렇다 | I3: =IF($G3="","",MEDIAN(참조데이터!$H$1,참조데이터!$H$2,$G3+1*IF($G3=참조데이터!$H$1,1,-1))) -> 4 | J3: =IFERROR(INDEX(참조데이터!$D$2:$D$6,MATCH($K3,참조데이터!$E$2:$E$6,0)),"") -> 보통이다 | K3: =IF($G3="","",MEDIAN(참조데이터!$H$1,참조데이터!$H$2,$G3+2*IF($G3=참조데이터!$H$1,1,-1))) -> 3 | L3: =IFERROR(INDEX(참조데이터!$D$2:$D$6,MATCH($M3,참조데이터!$E$2:$E$6,0)),"") -> 그렇지 않다 | M3: =IF($G3="","",MEDIAN(참조데이터!$H$1,참조데이터!$H$2,$G3+3*IF($G3=참조데이터!$H$1,1,-1))) -> 2 | N3: =IFERROR(INDEX(참조데이터!$D$2:$D$6,MATCH($O3,참조데이터!$E$2:$E$6,0)),"") -> 전혀 그렇지 않다 | O3: =IF($G3="","",MEDIAN(참조데이터!$H$1,참조데이터!$H$2,$G3+4*IF($G3=참조데이터!$H$1,1,-1))) -> 1 | S3: =IF($D3="","",IF($D3=참조데이터!$A$3,"",IFERROR(IF(VLOOKUP($D3,참조데이터!$A$1:$C$3,3,FALSE)="",1,VLOOKUP($D3,참조데이터!$A$1:$C$3,3,FALSE)),1))) -> 1 | T3: =IF($D3="","",IFERROR(VLOOKUP($D3,참조데이터!$A$9:$B$11,2,FALSE),"")) -> SC | U3: 5점 척도 기본
A4: 리더십 진단 | B4: 자기관리 | C4: 자기인식 | D4: 척도형 | E4: 자기관리 수준을 평가하면? | F4: =IF($D4="척도형","매우 우수","") -> 매우 우수 | G4: =IF($D4="척도형",참조데이터!$E$2,"") -> 5 | H4: =IF($D4="척도형","우수","") -> 우수 | I4: =IF($G4="","",MEDIAN(참조데이터!$H$1,참조데이터!$H$2,$G4+1*IF($G4=참조데이터!$H$1,1,-1))) -> 4 | J4: =IF($D4="척도형","보통","") -> 보통 | K4: =IF($G4="","",MEDIAN(참조데이터!$H$1,참조데이터!$H$2,$G4+2*IF($G4=참조데이터!$H$1,1,-1))) -> 3 | L4: =IF($D4="척도형","부족","") -> 부족 | M4: =IF($G4="","",MEDIAN(참조데이터!$H$1,참조데이터!$H$2,$G4+3*IF($G4=참조데이터!$H$1,1,-1))) -> 2 | N4: =IF($D4="척도형","매우 부족","") -> 매우 부족 | O4: =IF($G4="","",MEDIAN(참조데이터!$H$1,참조데이터!$H$2,$G4+4*IF($G4=참조데이터!$H$1,1,-1))) -> 1 | S4: =IF($D4="","",IF($D4=참조데이터!$A$3,"",IFERROR(IF(VLOOKUP($D4,참조데이터!$A$1:$C$3,3,FALSE)="",1,VLOOKUP($D4,참조데이터!$A$1:$C$3,3,FALSE)),1))) -> 1 | T4: =IF($D4="","",IFERROR(VLOOKUP($D4,참조데이터!$A$9:$B$11,2,FALSE),"")) -> SC | U4: 보기 라벨 수정 예시
A5: 리더십 진단 | B5: 자기관리 | C5: 의사결정 | D5: A/B 강제선택 | F5: =IFERROR(INDEX(참조데이터!$D$2:$D$6,MATCH($G5,참조데이터!$E$2:$E$6,0)),"") | G5: =IF($D5="척도형",참조데이터!$E$2,"") | H5: =IFERROR(INDEX(참조데이터!$D$2:$D$6,MATCH($I5,참조데이터!$E$2:$E$6,0)),"") | I5: =IF($G5="","",MEDIAN(참조데이터!$H$1,참조데이터!$H$2,$G5+1*IF($G5=참조데이터!$H$1,1,-1))) | J5: =IFERROR(INDEX(참조데이터!$D$2:$D$6,MATCH($K5,참조데이터!$E$2:$E$6,0)),"") | K5: =IF($G5="","",MEDIAN(참조데이터!$H$1,참조데이터!$H$2,$G5+2*IF($G5=참조데이터!$H$1,1,-1))) | L5: =IFERROR(INDEX(참조데이터!$D$2:$D$6,MATCH($M5,참조데이터!$E$2:$E$6,0)),"") | M5: =IF($G5="","",MEDIAN(참조데이터!$H$1,참조데이터!$H$2,$G5+3*IF($G5=참조데이터!$H$1,1,-1))) | N5: =IFERROR(INDEX(참조데이터!$D$2:$D$6,MATCH($O5,참조데이터!$E$2:$E$6,0)),"") | O5: =IF($G5="","",MEDIAN(참조데이터!$H$1,참조데이터!$H$2,$G5+4*IF($G5=참조데이터!$H$1,1,-1))) | P5: =IF($D5="A/B 강제선택","원칙을 우선시한다.","") -> 원칙을 우선시한다. | Q5: =IF($D5="A/B 강제선택","상황에 맞게 유연하게 대응한다.","") -> 상황에 맞게 유연하게 대응한다. | R5: =IF($D5="A/B 강제선택","A→B(1~6점)","") -> A→B(1~6점) | S5: =IF($D5="","",IF($D5=참조데이터!$A$3,"",IFERROR(IF(VLOOKUP($D5,참조데이터!$A$1:$C$3,3,FALSE)="",1,VLOOKUP($D5,참조데이터!$A$1:$C$3,3,FALSE)),1))) -> 0.83333333 | T5: =IF($D5="","",IFERROR(VLOOKUP($D5,참조데이터!$A$9:$B$11,2,FALSE),"")) -> BI | U5: A/B 강제선택 (문항내용은 비움)
A6: 리더십 진단 | B6: 자기관리 | C6: 성찰 | D6: 서술형 | E6: 인상 깊었던 일화가 있다면 적어주세요. | F6: =IFERROR(INDEX(참조데이터!$D$2:$D$6,MATCH($G6,참조데이터!$E$2:$E$6,0)),"") | G6: =IF($D6="척도형",참조데이터!$E$2,"") | H6: =IFERROR(INDEX(참조데이터!$D$2:$D$6,MATCH($I6,참조데이터!$E$2:$E$6,0)),"") | I6: =IF($G6="","",MEDIAN(참조데이터!$H$1,참조데이터!$H$2,$G6+1*IF($G6=참조데이터!$H$1,1,-1))) | J6: =IFERROR(INDEX(참조데이터!$D$2:$D$6,MATCH($K6,참조데이터!$E$2:$E$6,0)),"") | K6: =IF($G6="","",MEDIAN(참조데이터!$H$1,참조데이터!$H$2,$G6+2*IF($G6=참조데이터!$H$1,1,-1))) | L6: =IFERROR(INDEX(참조데이터!$D$2:$D$6,MATCH($M6,참조데이터!$E$2:$E$6,0)),"") | M6: =IF($G6="","",MEDIAN(참조데이터!$H$1,참조데이터!$H$2,$G6+3*IF($G6=참조데이터!$H$1,1,-1))) | N6: =IFERROR(INDEX(참조데이터!$D$2:$D$6,MATCH($O6,참조데이터!$E$2:$E$6,0)),"") | O6: =IF($G6="","",MEDIAN(참조데이터!$H$1,참조데이터!$H$2,$G6+4*IF($G6=참조데이터!$H$1,1,-1))) | S6: =IF($D6="","",IF($D6=참조데이터!$A$3,"",IFERROR(IF(VLOOKUP($D6,참조데이터!$A$1:$C$3,3,FALSE)="",1,VLOOKUP($D6,참조데이터!$A$1:$C$3,3,FALSE)),1))) | T6: =IF($D6="","",IFERROR(VLOOKUP($D6,참조데이터!$A$9:$B$11,2,FALSE),"")) -> LA | U6: 서술형
F7: =IFERROR(INDEX(참조데이터!$D$2:$D$6,MATCH($G7,참조데이터!$E$2:$E$6,0)),"") | G7: =IF($D7="척도형",참조데이터!$E$2,"") | H7: =IFERROR(INDEX(참조데이터!$D$2:$D$6,MATCH($I7,참조데이터!$E$2:$E$6,0)),"") | I7: =IF($G7="","",MEDIAN(참조데이터!$H$1,참조데이터!$H$2,$G7+1*IF($G7=참조데이터!$H$1,1,-1))) | J7: =IFERROR(INDEX(참조데이터!$D$2:$D$6,MATCH($K7,참조데이터!$E$2:$E$6,0)),"") | K7: =IF($G7="","",MEDIAN(참조데이터!$H$1,참조데이터!$H$2,$G7+2*IF($G7=참조데이터!$H$1,1,-1))) | L7: =IFERROR(INDEX(참조데이터!$D$2:$D$6,MATCH($M7,참조데이터!$E$2:$E$6,0)),"") | M7: =IF($G7="","",MEDIAN(참조데이터!$H$1,참조데이터!$H$2,$G7+3*IF($G7=참조데이터!$H$1,1,-1))) | N7: =IFERROR(INDEX(참조데이터!$D$2:$D$6,MATCH($O7,참조데이터!$E$2:$E$6,0)),"") | O7: =IF($G7="","",MEDIAN(참조데이터!$H$1,참조데이터!$H$2,$G7+4*IF($G7=참조데이터!$H$1,1,-1))) | S7: =IF($D7="","",IF($D7=참조데이터!$A$3,"",IFERROR(IF(VLOOKUP($D7,참조데이터!$A$1:$C$3,3,FALSE)="",1,VLOOKUP($D7,참조데이터!$A$1:$C$3,3,FALSE)),1))) | T7: =IF($D7="","",IFERROR(VLOOKUP($D7,참조데이터!$A$9:$B$11,2,FALSE),""))
F8: =IFERROR(INDEX(참조데이터!$D$2:$D$6,MATCH($G8,참조데이터!$E$2:$E$6,0)),"") | G8: =IF($D8="척도형",참조데이터!$E$2,"") | H8: =IFERROR(INDEX(참조데이터!$D$2:$D$6,MATCH($I8,참조데이터!$E$2:$E$6,0)),"") | I8: =IF($G8="","",MEDIAN(참조데이터!$H$1,참조데이터!$H$2,$G8+1*IF($G8=참조데이터!$H$1,1,-1))) | J8: =IFERROR(INDEX(참조데이터!$D$2:$D$6,MATCH($K8,참조데이터!$E$2:$E$6,0)),"") | K8: =IF($G8="","",MEDIAN(참조데이터!$H$1,참조데이터!$H$2,$G8+2*IF($G8=참조데이터!$H$1,1,-1))) | L8: =IFERROR(INDEX(참조데이터!$D$2:$D$6,MATCH($M8,참조데이터!$E$2:$E$6,0)),"") | M8: =IF($G8="","",MEDIAN(참조데이터!$H$1,참조데이터!$H$2,$G8+3*IF($G8=참조데이터!$H$1,1,-1))) | N8: =IFERROR(INDEX(참조데이터!$D$2:$D$6,MATCH($O8,참조데이터!$E$2:$E$6,0)),"") | O8: =IF($G8="","",MEDIAN(참조데이터!$H$1,참조데이터!$H$2,$G8+4*IF($G8=참조데이터!$H$1,1,-1))) | S8: =IF($D8="","",IF($D8=참조데이터!$A$3,"",IFERROR(IF(VLOOKUP($D8,참조데이터!$A$1:$C$3,3,FALSE)="",1,VLOOKUP($D8,참조데이터!$A$1:$C$3,3,FALSE)),1))) | T8: =IF($D8="","",IFERROR(VLOOKUP($D8,참조데이터!$A$9:$B$11,2,FALSE),""))
F9: =IFERROR(INDEX(참조데이터!$D$2:$D$6,MATCH($G9,참조데이터!$E$2:$E$6,0)),"") | G9: =IF($D9="척도형",참조데이터!$E$2,"") | H9: =IFERROR(INDEX(참조데이터!$D$2:$D$6,MATCH($I9,참조데이터!$E$2:$E$6,0)),"") | I9: =IF($G9="","",MEDIAN(참조데이터!$H$1,참조데이터!$H$2,$G9+1*IF($G9=참조데이터!$H$1,1,-1))) | J9: =IFERROR(INDEX(참조데이터!$D$2:$D$6,MATCH($K9,참조데이터!$E$2:$E$6,0)),"") | K9: =IF($G9="","",MEDIAN(참조데이터!$H$1,참조데이터!$H$2,$G9+2*IF($G9=참조데이터!$H$1,1,-1))) | L9: =IFERROR(INDEX(참조데이터!$D$2:$D$6,MATCH($M9,참조데이터!$E$2:$E$6,0)),"") | M9: =IF($G9="","",MEDIAN(참조데이터!$H$1,참조데이터!$H$2,$G9+3*IF($G9=참조데이터!$H$1,1,-1))) | N9: =IFERROR(INDEX(참조데이터!$D$2:$D$6,MATCH($O9,참조데이터!$E$2:$E$6,0)),"") | O9: =IF($G9="","",MEDIAN(참조데이터!$H$1,참조데이터!$H$2,$G9+4*IF($G9=참조데이터!$H$1,1,-1))) | S9: =IF($D9="","",IF($D9=참조데이터!$A$3,"",IFERROR(IF(VLOOKUP($D9,참조데이터!$A$1:$C$3,3,FALSE)="",1,VLOOKUP($D9,참조데이터!$A$1:$C$3,3,FALSE)),1))) | T9: =IF($D9="","",IFERROR(VLOOKUP($D9,참조데이터!$A$9:$B$11,2,FALSE),""))
F10: =IFERROR(INDEX(참조데이터!$D$2:$D$6,MATCH($G10,참조데이터!$E$2:$E$6,0)),"") | G10: =IF($D10="척도형",참조데이터!$E$2,"") | H10: =IFERROR(INDEX(참조데이터!$D$2:$D$6,MATCH($I10,참조데이터!$E$2:$E$6,0)),"") | I10: =IF($G10="","",MEDIAN(참조데이터!$H$1,참조데이터!$H$2,$G10+1*IF($G10=참조데이터!$H$1,1,-1))) | J10: =IFERROR(INDEX(참조데이터!$D$2:$D$6,MATCH($K10,참조데이터!$E$2:$E$6,0)),"") | K10: =IF($G10="","",MEDIAN(참조데이터!$H$1,참조데이터!$H$2,$G10+2*IF($G10=참조데이터!$H$1,1,-1))) | L10: =IFERROR(INDEX(참조데이터!$D$2:$D$6,MATCH($M10,참조데이터!$E$2:$E$6,0)),"") | M10: =IF($G10="","",MEDIAN(참조데이터!$H$1,참조데이터!$H$2,$G10+3*IF($G10=참조데이터!$H$1,1,-1))) | N10: =IFERROR(INDEX(참조데이터!$D$2:$D$6,MATCH($O10,참조데이터!$E$2:$E$6,0)),"") | O10: =IF($G10="","",MEDIAN(참조데이터!$H$1,참조데이터!$H$2,$G10+4*IF($G10=참조데이터!$H$1,1,-1))) | S10: =IF($D10="","",IF($D10=참조데이터!$A$3,"",IFERROR(IF(VLOOKUP($D10,참조데이터!$A$1:$C$3,3,FALSE)="",1,VLOOKUP($D10,참조데이터!$A$1:$C$3,3,FALSE)),1))) | T10: =IF($D10="","",IFERROR(VLOOKUP($D10,참조데이터!$A$9:$B$11,2,FALSE),""))
F11: =IFERROR(INDEX(참조데이터!$D$2:$D$6,MATCH($G11,참조데이터!$E$2:$E$6,0)),"") | G11: =IF($D11="척도형",참조데이터!$E$2,"") | H11: =IFERROR(INDEX(참조데이터!$D$2:$D$6,MATCH($I11,참조데이터!$E$2:$E$6,0)),"") | I11: =IF($G11="","",MEDIAN(참조데이터!$H$1,참조데이터!$H$2,$G11+1*IF($G11=참조데이터!$H$1,1,-1))) | J11: =IFERROR(INDEX(참조데이터!$D$2:$D$6,MATCH($K11,참조데이터!$E$2:$E$6,0)),"") | K11: =IF($G11="","",MEDIAN(참조데이터!$H$1,참조데이터!$H$2,$G11+2*IF($G11=참조데이터!$H$1,1,-1))) | L11: =IFERROR(INDEX(참조데이터!$D$2:$D$6,MATCH($M11,참조데이터!$E$2:$E$6,0)),"") | M11: =IF($G11="","",MEDIAN(참조데이터!$H$1,참조데이터!$H$2,$G11+3*IF($G11=참조데이터!$H$1,1,-1))) | N11: =IFERROR(INDEX(참조데이터!$D$2:$D$6,MATCH($O11,참조데이터!$E$2:$E$6,0)),"") | O11: =IF($G11="","",MEDIAN(참조데이터!$H$1,참조데이터!$H$2,$G11+4*IF($G11=참조데이터!$H$1,1,-1))) | S11: =IF($D11="","",IF($D11=참조데이터!$A$3,"",IFERROR(IF(VLOOKUP($D11,참조데이터!$A$1:$C$3,3,FALSE)="",1,VLOOKUP($D11,참조데이터!$A$1:$C$3,3,FALSE)),1))) | T11: =IF($D11="","",IFERROR(VLOOKUP($D11,참조데이터!$A$9:$B$11,2,FALSE),""))
F12: =IFERROR(INDEX(참조데이터!$D$2:$D$6,MATCH($G12,참조데이터!$E$2:$E$6,0)),"") | G12: =IF($D12="척도형",참조데이터!$E$2,"") | H12: =IFERROR(INDEX(참조데이터!$D$2:$D$6,MATCH($I12,참조데이터!$E$2:$E$6,0)),"") | I12: =IF($G12="","",MEDIAN(참조데이터!$H$1,참조데이터!$H$2,$G12+1*IF($G12=참조데이터!$H$1,1,-1))) | J12: =IFERROR(INDEX(참조데이터!$D$2:$D$6,MATCH($K12,참조데이터!$E$2:$E$6,0)),"") | K12: =IF($G12="","",MEDIAN(참조데이터!$H$1,참조데이터!$H$2,$G12+2*IF($G12=참조데이터!$H$1,1,-1))) | L12: =IFERROR(INDEX(참조데이터!$D$2:$D$6,MATCH($M12,참조데이터!$E$2:$E$6,0)),"") | M12: =IF($G12="","",MEDIAN(참조데이터!$H$1,참조데이터!$H$2,$G12+3*IF($G12=참조데이터!$H$1,1,-1))) | N12: =IFERROR(INDEX(참조데이터!$D$2:$D$6,MATCH($O12,참조데이터!$E$2:$E$6,0)),"") | O12: =IF($G12="","",MEDIAN(참조데이터!$H$1,참조데이터!$H$2,$G12+4*IF($G12=참조데이터!$H$1,1,-1))) | S12: =IF($D12="","",IF($D12=참조데이터!$A$3,"",IFERROR(IF(VLOOKUP($D12,참조데이터!$A$1:$C$3,3,FALSE)="",1,VLOOKUP($D12,참조데이터!$A$1:$C$3,3,FALSE)),1))) | T12: =IF($D12="","",IFERROR(VLOOKUP($D12,참조데이터!$A$9:$B$11,2,FALSE),""))
F13: =IFERROR(INDEX(참조데이터!$D$2:$D$6,MATCH($G13,참조데이터!$E$2:$E$6,0)),"") | G13: =IF($D13="척도형",참조데이터!$E$2,"") | H13: =IFERROR(INDEX(참조데이터!$D$2:$D$6,MATCH($I13,참조데이터!$E$2:$E$6,0)),"") | I13: =IF($G13="","",MEDIAN(참조데이터!$H$1,참조데이터!$H$2,$G13+1*IF($G13=참조데이터!$H$1,1,-1))) | J13: =IFERROR(INDEX(참조데이터!$D$2:$D$6,MATCH($K13,참조데이터!$E$2:$E$6,0)),"") | K13: =IF($G13="","",MEDIAN(참조데이터!$H$1,참조데이터!$H$2,$G13+2*IF($G13=참조데이터!$H$1,1,-1))) | L13: =IFERROR(INDEX(참조데이터!$D$2:$D$6,MATCH($M13,참조데이터!$E$2:$E$6,0)),"") | M13: =IF($G13="","",MEDIAN(참조데이터!$H$1,참조데이터!$H$2,$G13+3*IF($G13=참조데이터!$H$1,1,-1))) | N13: =IFERROR(INDEX(참조데이터!$D$2:$D$6,MATCH($O13,참조데이터!$E$2:$E$6,0)),"") | O13: =IF($G13="","",MEDIAN(참조데이터!$H$1,참조데이터!$H$2,$G13+4*IF($G13=참조데이터!$H$1,1,-1))) | S13: =IF($D13="","",IF($D13=참조데이터!$A$3,"",IFERROR(IF(VLOOKUP($D13,참조데이터!$A$1:$C$3,3,FALSE)="",1,VLOOKUP($D13,참조데이터!$A$1:$C$3,3,FALSE)),1))) | T13: =IF($D13="","",IFERROR(VLOOKUP($D13,참조데이터!$A$9:$B$11,2,FALSE),""))
F14: =IFERROR(INDEX(참조데이터!$D$2:$D$6,MATCH($G14,참조데이터!$E$2:$E$6,0)),"") | G14: =IF($D14="척도형",참조데이터!$E$2,"") | H14: =IFERROR(INDEX(참조데이터!$D$2:$D$6,MATCH($I14,참조데이터!$E$2:$E$6,0)),"") | I14: =IF($G14="","",MEDIAN(참조데이터!$H$1,참조데이터!$H$2,$G14+1*IF($G14=참조데이터!$H$1,1,-1))) | J14: =IFERROR(INDEX(참조데이터!$D$2:$D$6,MATCH($K14,참조데이터!$E$2:$E$6,0)),"") | K14: =IF($G14="","",MEDIAN(참조데이터!$H$1,참조데이터!$H$2,$G14+2*IF($G14=참조데이터!$H$1,1,-1))) | L14: =IFERROR(INDEX(참조데이터!$D$2:$D$6,MATCH($M14,참조데이터!$E$2:$E$6,0)),"") | M14: =IF($G14="","",MEDIAN(참조데이터!$H$1,참조데이터!$H$2,$G14+3*IF($G14=참조데이터!$H$1,1,-1))) | N14: =IFERROR(INDEX(참조데이터!$D$2:$D$6,MATCH($O14,참조데이터!$E$2:$E$6,0)),"") | O14: =IF($G14="","",MEDIAN(참조데이터!$H$1,참조데이터!$H$2,$G14+4*IF($G14=참조데이터!$H$1,1,-1))) | S14: =IF($D14="","",IF($D14=참조데이터!$A$3,"",IFERROR(IF(VLOOKUP($D14,참조데이터!$A$1:$C$3,3,FALSE)="",1,VLOOKUP($D14,참조데이터!$A$1:$C$3,3,FALSE)),1))) | T14: =IF($D14="","",IFERROR(VLOOKUP($D14,참조데이터!$A$9:$B$11,2,FALSE),""))
F15: =IFERROR(INDEX(참조데이터!$D$2:$D$6,MATCH($G15,참조데이터!$E$2:$E$6,0)),"") | G15: =IF($D15="척도형",참조데이터!$E$2,"") | H15: =IFERROR(INDEX(참조데이터!$D$2:$D$6,MATCH($I15,참조데이터!$E$2:$E$6,0)),"") | I15: =IF($G15="","",MEDIAN(참조데이터!$H$1,참조데이터!$H$2,$G15+1*IF($G15=참조데이터!$H$1,1,-1))) | J15: =IFERROR(INDEX(참조데이터!$D$2:$D$6,MATCH($K15,참조데이터!$E$2:$E$6,0)),"") | K15: =IF($G15="","",MEDIAN(참조데이터!$H$1,참조데이터!$H$2,$G15+2*IF($G15=참조데이터!$H$1,1,-1))) | L15: =IFERROR(INDEX(참조데이터!$D$2:$D$6,MATCH($M15,참조데이터!$E$2:$E$6,0)),"") | M15: =IF($G15="","",MEDIAN(참조데이터!$H$1,참조데이터!$H$2,$G15+3*IF($G15=참조데이터!$H$1,1,-1))) | N15: =IFERROR(INDEX(참조데이터!$D$2:$D$6,MATCH($O15,참조데이터!$E$2:$E$6,0)),"") | O15: =IF($G15="","",MEDIAN(참조데이터!$H$1,참조데이터!$H$2,$G15+4*IF($G15=참조데이터!$H$1,1,-1))) | S15: =IF($D15="","",IF($D15=참조데이터!$A$3,"",IFERROR(IF(VLOOKUP($D15,참조데이터!$A$1:$C$3,3,FALSE)="",1,VLOOKUP($D15,참조데이터!$A$1:$C$3,3,FALSE)),1))) | T15: =IF($D15="","",IFERROR(VLOOKUP($D15,참조데이터!$A$9:$B$11,2,FALSE),""))
F16: =IFERROR(INDEX(참조데이터!$D$2:$D$6,MATCH($G16,참조데이터!$E$2:$E$6,0)),"") | G16: =IF($D16="척도형",참조데이터!$E$2,"") | H16: =IFERROR(INDEX(참조데이터!$D$2:$D$6,MATCH($I16,참조데이터!$E$2:$E$6,0)),"") | I16: =IF($G16="","",MEDIAN(참조데이터!$H$1,참조데이터!$H$2,$G16+1*IF($G16=참조데이터!$H$1,1,-1))) | J16: =IFERROR(INDEX(참조데이터!$D$2:$D$6,MATCH($K16,참조데이터!$E$2:$E$6,0)),"") | K16: =IF($G16="","",MEDIAN(참조데이터!$H$1,참조데이터!$H$2,$G16+2*IF($G16=참조데이터!$H$1,1,-1))) | L16: =IFERROR(INDEX(참조데이터!$D$2:$D$6,MATCH($M16,참조데이터!$E$2:$E$6,0)),"") | M16: =IF($G16="","",MEDIAN(참조데이터!$H$1,참조데이터!$H$2,$G16+3*IF($G16=참조데이터!$H$1,1,-1))) | N16: =IFERROR(INDEX(참조데이터!$D$2:$D$6,MATCH($O16,참조데이터!$E$2:$E$6,0)),"") | O16: =IF($G16="","",MEDIAN(참조데이터!$H$1,참조데이터!$H$2,$G16+4*IF($G16=참조데이터!$H$1,1,-1))) | S16: =IF($D16="","",IF($D16=참조데이터!$A$3,"",IFERROR(IF(VLOOKUP($D16,참조데이터!$A$1:$C$3,3,FALSE)="",1,VLOOKUP($D16,참조데이터!$A$1:$C$3,3,FALSE)),1))) | T16: =IF($D16="","",IFERROR(VLOOKUP($D16,참조데이터!$A$9:$B$11,2,FALSE),""))
F17: =IFERROR(INDEX(참조데이터!$D$2:$D$6,MATCH($G17,참조데이터!$E$2:$E$6,0)),"") | G17: =IF($D17="척도형",참조데이터!$E$2,"") | H17: =IFERROR(INDEX(참조데이터!$D$2:$D$6,MATCH($I17,참조데이터!$E$2:$E$6,0)),"") | I17: =IF($G17="","",MEDIAN(참조데이터!$H$1,참조데이터!$H$2,$G17+1*IF($G17=참조데이터!$H$1,1,-1))) | J17: =IFERROR(INDEX(참조데이터!$D$2:$D$6,MATCH($K17,참조데이터!$E$2:$E$6,0)),"") | K17: =IF($G17="","",MEDIAN(참조데이터!$H$1,참조데이터!$H$2,$G17+2*IF($G17=참조데이터!$H$1,1,-1))) | L17: =IFERROR(INDEX(참조데이터!$D$2:$D$6,MATCH($M17,참조데이터!$E$2:$E$6,0)),"") | M17: =IF($G17="","",MEDIAN(참조데이터!$H$1,참조데이터!$H$2,$G17+3*IF($G17=참조데이터!$H$1,1,-1))) | N17: =IFERROR(INDEX(참조데이터!$D$2:$D$6,MATCH($O17,참조데이터!$E$2:$E$6,0)),"") | O17: =IF($G17="","",MEDIAN(참조데이터!$H$1,참조데이터!$H$2,$G17+4*IF($G17=참조데이터!$H$1,1,-1))) | S17: =IF($D17="","",IF($D17=참조데이터!$A$3,"",IFERROR(IF(VLOOKUP($D17,참조데이터!$A$1:$C$3,3,FALSE)="",1,VLOOKUP($D17,참조데이터!$A$1:$C$3,3,FALSE)),1))) | T17: =IF($D17="","",IFERROR(VLOOKUP($D17,참조데이터!$A$9:$B$11,2,FALSE),""))
F18: =IFERROR(INDEX(참조데이터!$D$2:$D$6,MATCH($G18,참조데이터!$E$2:$E$6,0)),"") | G18: =IF($D18="척도형",참조데이터!$E$2,"") | H18: =IFERROR(INDEX(참조데이터!$D$2:$D$6,MATCH($I18,참조데이터!$E$2:$E$6,0)),"") | I18: =IF($G18="","",MEDIAN(참조데이터!$H$1,참조데이터!$H$2,$G18+1*IF($G18=참조데이터!$H$1,1,-1))) | J18: =IFERROR(INDEX(참조데이터!$D$2:$D$6,MATCH($K18,참조데이터!$E$2:$E$6,0)),"") | K18: =IF($G18="","",MEDIAN(참조데이터!$H$1,참조데이터!$H$2,$G18+2*IF($G18=참조데이터!$H$1,1,-1))) | L18: =IFERROR(INDEX(참조데이터!$D$2:$D$6,MATCH($M18,참조데이터!$E$2:$E$6,0)),"") | M18: =IF($G18="","",MEDIAN(참조데이터!$H$1,참조데이터!$H$2,$G18+3*IF($G18=참조데이터!$H$1,1,-1))) | N18: =IFERROR(INDEX(참조데이터!$D$2:$D$6,MATCH($O18,참조데이터!$E$2:$E$6,0)),"") | O18: =IF($G18="","",MEDIAN(참조데이터!$H$1,참조데이터!$H$2,$G18+4*IF($G18=참조데이터!$H$1,1,-1))) | S18: =IF($D18="","",IF($D18=참조데이터!$A$3,"",IFERROR(IF(VLOOKUP($D18,참조데이터!$A$1:$C$3,3,FALSE)="",1,VLOOKUP($D18,참조데이터!$A$1:$C$3,3,FALSE)),1))) | T18: =IF($D18="","",IFERROR(VLOOKUP($D18,참조데이터!$A$9:$B$11,2,FALSE),""))
... F200: =IFERROR(INDEX(참조데이터!$D$2:$D$6,MATCH($G200,참조데이터!$E$2:$E$6,0)),"") | G200: =IF($D200="척도형",참조데이터!$E$2,"") | H200: =IFERROR(INDEX(참조데이터!$D$2:$D$6,MATCH($I200,참조데이터!$E$2:$E$6,0)),"") | I200: =IF($G200="","",MEDIAN(참조데이터!$H$1,참조데이터!$H$2,$G200+1*IF($G200=참조데이터!$H$1,1,-1))) | J200: =IFERROR(INDEX(참조데이터!$D$2:$D$6,MATCH($K200,참조데이터!$E$2:$E$6,0)),"") | K200: =IF($G200="","",MEDIAN(참조데이터!$H$1,참조데이터!$H$2,$G200+2*IF($G200=참조데이터!$H$1,1,-1))) | L200: =IFERROR(INDEX(참조데이터!$D$2:$D$6,MATCH($M200,참조데이터!$E$2:$E$6,0)),"") | M200: =IF($G200="","",MEDIAN(참조데이터!$H$1,참조데이터!$H$2,$G200+3*IF($G200=참조데이터!$H$1,1,-1))) | N200: =IFERROR(INDEX(참조데이터!$D$2:$D$6,MATCH($O200,참조데이터!$E$2:$E$6,0)),"") | O200: =IF($G200="","",MEDIAN(참조데이터!$H$1,참조데이터!$H$2,$G200+4*IF($G200=참조데이터!$H$1,1,-1))) | S200: =IF($D200="","",IF($D200=참조데이터!$A$3,"",IFERROR(IF(VLOOKUP($D200,참조데이터!$A$1:$C$3,3,FALSE)="",1,VLOOKUP($D200,참조데이터!$A$1:$C$3,3,FALSE)),1))) | T200: =IF($D200="","",IFERROR(VLOOKUP($D200,참조데이터!$A$9:$B$11,2,FALSE),""))

Sheet 참조데이터
A1: 척도형 | B1: A→B(1~6점) | C1: 1 | D1: 기본 보기 라벨 | E1: 기본 점수 | G1: 점수 허용 최소 | H1: 1
A2: A/B 강제선택 | B2: A→B(6~1점) | C2: =$H$2/$H$3 -> 0.83333333 | D2: 매우 그렇다 | E2: 5 | G2: 점수 허용 최대 | H2: 5
A3: 서술형 | D3: 그렇다 | E3: 4 | G3: A/B 강제선택 입력 단위(최대점) | H3: 6
D4: 보통이다 | E4: 3
D5: 그렇지 않다 | E5: 2
D6: 전혀 그렇지 않다 | E6: 1
A8: 문항유형명 | B8: 문항유형 코드 | D8: A
A9: =A1 -> 척도형 | B9: SC | D9: A에 가깝다
A10: =A2 -> A/B 강제선택 | B10: BI | D10: A에 좀 더 가깝다
A11: =A3 -> 서술형 | B11: LA | D11: B에 좀 더 가깝다
D12: B에 가깝다
D13: B
